cert,card,grade,sticker,cl_cv,ebay_search_url,lowest_ebay_listing,notes
128159429,2025 Pokemon Simplified Chinese 151 C-Collection 151 Pikachu (Art Rare) #172,PSA 10,3540,3280.00,https://www.ebay.com/sch/i.html?_nkw=PSA+10+Pikachu+%28Art+Rare%29+%23172+Simplified+Chinese+151+C-Collection&_sop=15&LH_BIN=1&LH_PrefLoc=1&_ipg=60,,
102607615,2023 Scarlet & Violet Black Star Promos Pikachu with Grey Felt Hat #85,PSA 10,3400,3150.00,https://www.ebay.com/sch/i.html?_nkw=PSA+10+Pikachu+with+Grey+Felt+Hat+%2385+Scarlet+%26+Violet+Black&_sop=15&LH_BIN=1&LH_PrefLoc=1&_ipg=60,,
94676138,2023 Scarlet & Violet Black Star Promos Pikachu with Grey Felt Hat #85,PSA 10,3400,3150.00,https://www.ebay.com/sch/i.html?_nkw=PSA+10+Pikachu+with+Grey+Felt+Hat+%2385+Scarlet+%26+Violet+Black&_sop=15&LH_BIN=1&LH_PrefLoc=1&_ipg=60,,
151936010,2026 Ascended Heroes Mega Dragonite ex (Special Illustration Rare) #290,PSA 10,2675,2475.00,https://www.ebay.com/sch/i.html?_nkw=PSA+10+Mega+Dragonite+ex+%28Special+Illustration+Rare%29+%23290+Ascended+Heroes&_sop=15&LH_BIN=1&LH_PrefLoc=1&_ipg=60,,
110420477,2021 Evolving Skies Secret FA Umbreon VMAX #215,MINT 9,2490,2304.35,https://www.ebay.com/sch/i.html?_nkw=MINT+9+FA+Umbreon+VMAX+%23215+Evolving+Skies+Secret&_sop=15&LH_BIN=1&LH_PrefLoc=1&_ipg=60,,
151607423,2025 Black Bolt Zekrom ex #172,PSA 10,2050,1900.00,https://www.ebay.com/sch/i.html?_nkw=PSA+10+Zekrom+ex+%23172+Black+Bolt&_sop=15&LH_BIN=1&LH_PrefLoc=1&_ipg=60,,
89932897,2023 Mew EN-151 Charizard ex (Special Illustration Rare) #199,PSA 10,1825,1692.06,https://www.ebay.com/sch/i.html?_nkw=PSA+10+Charizard+ex+%28Special+Illustration+Rare%29+%23199+Mew+EN-151&_sop=15&LH_BIN=1&LH_PrefLoc=1&_ipg=60,,
143516232,2025 White Flare Reshiram ex #173,PSA 10,1460,1350.00,https://www.ebay.com/sch/i.html?_nkw=PSA+10+Reshiram+ex+%23173+White+Flare&_sop=15&LH_BIN=1&LH_PrefLoc=1&_ipg=60,,
106438552,2021 Team Up Dangerous Drill #192,PSA 10,1430,1325.00,https://www.ebay.com/sch/i.html?_nkw=PSA+10+Dangerous+Drill+%23192+Team+Up&_sop=15&LH_BIN=1&LH_PrefLoc=1&_ipg=60,,
119392108,2024 Cosmic Eclipse Weavile #238,PSA 10,1350,1252.01,https://www.ebay.com/sch/i.html?_nkw=PSA+10+Weavile+%23238+Cosmic+Eclipse&_sop=15&LH_BIN=1&LH_PrefLoc=1&_ipg=60,,
84566703,1998 151 Moltres #146,PSA 10,1200,940.00,https://www.ebay.com/sch/i.html?_nkw=PSA+10+Moltres+%23146+151&_sop=15&LH_BIN=1&LH_PrefLoc=1&_ipg=60,,
138441842,2000 Neo 2 Umbreon Holo JP #197,PSA 9,1035,930.00,https://www.ebay.com/sch/i.html?_nkw=PSA+9+Umbreon+Holo+JP+%23197+Neo+2&_sop=15&LH_BIN=1&LH_PrefLoc=1&_ipg=60,,
131611480,2017 Flashfire Kangaskhan-EX #78,PSA 10,1000,900.00,https://www.ebay.com/sch/i.html?_nkw=PSA+10+Kangaskhan-EX+%2378+Flashfire&_sop=15&LH_BIN=1&LH_PrefLoc=1&_ipg=60,,
143540438,2025 Prismatic Evolutions Roaring Moon ex (Special Illustration Rare) #162,PSA 10,935,840.00,https://www.ebay.com/sch/i.html?_nkw=PSA+10+Roaring+Moon+ex+%28Special+Illustration+Rare%29+%23162+Prismatic+Evolutions&_sop=15&LH_BIN=1&LH_PrefLoc=1&_ipg=60,,
99211118,2021 Fusion Strike Secret FA Espeon VMAX #270,PSA 10,875,786.09,https://www.ebay.com/sch/i.html?_nkw=PSA+10+FA+Espeon+VMAX+%23270+Fusion+Strike+Secret&_sop=15&LH_BIN=1&LH_PrefLoc=1&_ipg=60,,
98517579,2017 XY Premium Trainer Collection Promo FA Shaymin EX #77a,NM-MT 8,550,490.00,https://www.ebay.com/sch/i.html?_nkw=NM-MT+8+FA+Shaymin+EX+%2377a+XY+Premium+Trainer+Collection&_sop=15&LH_BIN=1&LH_PrefLoc=1&_ipg=60,,
126435156,2025 Scarlet & Violet Promos Eevee ex #174,PSA 10,545,484.45,https://www.ebay.com/sch/i.html?_nkw=PSA+10+Eevee+ex+%23174+Scarlet+%26+Violet+Promos&_sop=15&LH_BIN=1&LH_PrefLoc=1&_ipg=60,,
146514325,2025 Scarlet & Violet Promos Eevee ex #174,PSA 10,545,484.45,https://www.ebay.com/sch/i.html?_nkw=PSA+10+Eevee+ex+%23174+Scarlet+%26+Violet+Promos&_sop=15&LH_BIN=1&LH_PrefLoc=1&_ipg=60,,
107496657,2021 Cosmic Eclipse Volcarona-GX #252,PSA 10,500,445.00,https://www.ebay.com/sch/i.html?_nkw=PSA+10+Volcarona-GX+%23252+Cosmic+Eclipse&_sop=15&LH_BIN=1&LH_PrefLoc=1&_ipg=60,,
115079776,2024 Cosmic Eclipse Professor Oak's Setup #233,,490,435.00,https://www.ebay.com/sch/i.html?_nkw=Professor+Oak%27s+Setup+%23233+Cosmic+Eclipse&_sop=15&LH_BIN=1&LH_PrefLoc=1&_ipg=60,,
95199161,2023 Crown Zenith Galarian Gallery Arceus VSTAR #GG70,PSA 10,470,420.00,https://www.ebay.com/sch/i.html?_nkw=PSA+10+Arceus+VSTAR+%23GG70+Crown+Zenith+Galarian+Gallery&_sop=15&LH_BIN=1&LH_PrefLoc=1&_ipg=60,,
147655076,2022 Vivid Voltage Pikachu VMAX #188,PSA 10,440,390.00,https://www.ebay.com/sch/i.html?_nkw=PSA+10+Pikachu+VMAX+%23188+Vivid+Voltage&_sop=15&LH_BIN=1&LH_PrefLoc=1&_ipg=60,,
6136935033,2023 Celebrations Classic Collection Umbreon Gold Star #17,PRISTINE 10,430,380.00,https://www.ebay.com/sch/i.html?_nkw=PRISTINE+10+Umbreon+Gold+Star+%2317+Celebrations+Classic+Collection&_sop=15&LH_BIN=1&LH_PrefLoc=1&_ipg=60,,
134321907,2019 Cosmic Eclipse Mega Lopunny & Jigglypuff-GX #226,PSA 10,425,375.00,https://www.ebay.com/sch/i.html?_nkw=PSA+10+Mega+Lopunny+%26+Jigglypuff-GX+%23226+Cosmic+Eclipse&_sop=15&LH_BIN=1&LH_PrefLoc=1&_ipg=60,,
113910492,2022 Flashfire Goomy #72,PSA 10,405,358.00,https://www.ebay.com/sch/i.html?_nkw=PSA+10+Goomy+%2372+Flashfire&_sop=15&LH_BIN=1&LH_PrefLoc=1&_ipg=60,,
4321131035,2023 Card 151 JP Blastoise ex SAR #202/165,CGC PRISTINE 10,400,354.90,https://www.ebay.com/sch/i.html?_nkw=CGC+PRISTINE+10+Blastoise+ex+SAR+%23202%2F165+Card+151+JP&_sop=15&LH_BIN=1&LH_PrefLoc=1&_ipg=60,,
75183695,2023 Crown Zenith Galarian Gallery Origin Forme Dialga VSTAR #GG68,PSA 10,390,345.00,https://www.ebay.com/sch/i.html?_nkw=PSA+10+Origin+Forme+Dialga+VSTAR+%23GG68+Crown+Zenith+Galarian+Gallery&_sop=15&LH_BIN=1&LH_PrefLoc=1&_ipg=60,,
92889917,2023 Pokemon Card 151 (Japanese SV1a) Magikarp (Art Rare) #080,PSA 10,385,340.00,https://www.ebay.com/sch/i.html?_nkw=PSA+10+Magikarp+%28Art+Rare%29+%23080+Card+151+%28Japanese+SV1a%29&_sop=15&LH_BIN=1&LH_PrefLoc=1&_ipg=60,,
121116624,2023 Crown Zenith Galarian Gallery Deoxys #GG12,PSA 10,375,329.99,https://www.ebay.com/sch/i.html?_nkw=PSA+10+Deoxys+%23GG12+Crown+Zenith+Galarian+Gallery&_sop=15&LH_BIN=1&LH_PrefLoc=1&_ipg=60,,
110772487,2022 Primal Clash M Aggron-EX #154,PSA 10,365,323.34,https://www.ebay.com/sch/i.html?_nkw=PSA+10+M+Aggron-EX+%23154+Primal+Clash&_sop=15&LH_BIN=1&LH_PrefLoc=1&_ipg=60,,
111350109,2020 POKEMONJPN.SWSH FAICHARIZARDVMAX SHINYSTARV #308,PSA 10,340,300.00,https://www.ebay.com/sch/i.html?_nkw=PSA+10+FAICHARIZARDVMAX+SHINYSTARV+%23308+POKEMONJPN.SWSH&_sop=15&LH_BIN=1&LH_PrefLoc=1&_ipg=60,,
113090244,2019 Flashfire Sandile #56,PSA 10,340,300.00,https://www.ebay.com/sch/i.html?_nkw=PSA+10+Sandile+%2356+Flashfire&_sop=15&LH_BIN=1&LH_PrefLoc=1&_ipg=60,,
139206918,2025 Team Up Jasmine #177,PSA 10,340,299.99,https://www.ebay.com/sch/i.html?_nkw=PSA+10+Jasmine+%23177+Team+Up&_sop=15&LH_BIN=1&LH_PrefLoc=1&_ipg=60,,
146746311,2025 Pokemon Mega Evolution JP Mega Latias ex #181,PSA 10,340,300.00,https://www.ebay.com/sch/i.html?_nkw=PSA+10+Mega+Latias+ex+%23181+Mega+Evolution+JP&_sop=15&LH_BIN=1&LH_PrefLoc=1&_ipg=60,,
6130902118,2014 Black Star Promos (Japanese) Mega Charizard X ex #XY-P,PRISTINE 10,340,300.00,https://www.ebay.com/sch/i.html?_nkw=PRISTINE+10+Mega+Charizard+X+ex+%23XY-P+Black+Star+Promos+%28Japanese%29&_sop=15&LH_BIN=1&LH_PrefLoc=1&_ipg=60,,
108973922,2023 Crown Zenith Galarian Gallery Origin Forme Palkia VSTAR #GG67,PSA 10,335,296.69,https://www.ebay.com/sch/i.html?_nkw=PSA+10+Origin+Forme+Palkia+VSTAR+%23GG67+Crown+Zenith+Galarian+Gallery&_sop=15&LH_BIN=1&LH_PrefLoc=1&_ipg=60,,
58568623,2021 Shining Fates Shiny Vault Charizard VMAX #SV107,PSA 10,325,285.08,https://www.ebay.com/sch/i.html?_nkw=PSA+10+Charizard+VMAX+%23SV107+Shining+Fates+Shiny+Vault&_sop=15&LH_BIN=1&LH_PrefLoc=1&_ipg=60,,
4322429002,2023 Scarlet & Violet Promos (Japanese) Eevee (Yu Nagaba illustrator) #001,PRISTINE 10,285,252.00,https://www.ebay.com/sch/i.html?_nkw=PRISTINE+10+Eevee+%28Yu+Nagaba+illustrator%29+%23001+Scarlet+%26+Violet+Promos&_sop=15&LH_BIN=1&LH_PrefLoc=1&_ipg=60,,
99513425,2024 2024 Pokemon SV7a JP Latias ex #087,PSA 10,260,228.00,https://www.ebay.com/sch/i.html?_nkw=PSA+10+Latias+ex+%23087+2024+Pokemon+SV7a+JP&_sop=15&LH_BIN=1&LH_PrefLoc=1&_ipg=60,,
50358384,Cosmic Eclipse Charizard & Braixen-GX #251,,240,210.00,https://www.ebay.com/sch/i.html?_nkw=Charizard+%26+Braixen-GX+%23251+Cosmic+Eclipse&_sop=15&LH_BIN=1&LH_PrefLoc=1&_ipg=60,,
65570347,1999 Legend Maker Absol #15,,240,210.00,https://www.ebay.com/sch/i.html?_nkw=Absol+%2315+Legend+Maker&_sop=15&LH_BIN=1&LH_PrefLoc=1&_ipg=60,,
60607369,2020 Vivid Voltage Rayquaza #138,PSA 10,235,204.38,https://www.ebay.com/sch/i.html?_nkw=PSA+10+Rayquaza+%23138+Vivid+Voltage&_sop=15&LH_BIN=1&LH_PrefLoc=1&_ipg=60,,
152039165,2023 Crown Zenith Galarian Gallery Deoxys VMAX #GG45,PSA 10,235,199.99,https://www.ebay.com/sch/i.html?_nkw=PSA+10+Deoxys+VMAX+%23GG45+Crown+Zenith+Galarian+Gallery&_sop=15&LH_BIN=1&LH_PrefLoc=1&_ipg=60,,
95276041,2023 Obsidian Flames Charizard ex (Ultra Rare) #215,PSA 10,220,190.00,https://www.ebay.com/sch/i.html?_nkw=PSA+10+Charizard+ex+%28Ultra+Rare%29+%23215+Obsidian+Flames&_sop=15&LH_BIN=1&LH_PrefLoc=1&_ipg=60,,
112214360,2023 Obsidian Flames Pidgeotto (Illustration Rare) #208,PSA 10,215,185.00,https://www.ebay.com/sch/i.html?_nkw=PSA+10+Pidgeotto+%28Illustration+Rare%29+%23208+Obsidian+Flames&_sop=15&LH_BIN=1&LH_PrefLoc=1&_ipg=60,,
72016903,2016 XY Evolutions Charizard (Reverse Foil) #11,MINT 9,190,164.50,https://www.ebay.com/sch/i.html?_nkw=MINT+9+Charizard+%28Reverse+Foil%29+%2311+XY+Evolutions&_sop=15&LH_BIN=1&LH_PrefLoc=1&_ipg=60,,
3914522049,2000 Neo Genesis Feraligatr Holo #5,NM-MT+ 8.5,175,150.00,https://www.ebay.com/sch/i.html?_nkw=NM-MT%2B+8.5+Feraligatr+Holo+%235+Neo+Genesis&_sop=15&LH_BIN=1&LH_PrefLoc=1&_ipg=60,,
114068076,2024 Gym Heroes Psychic Energy #131,PSA 10,150,125.95,https://www.ebay.com/sch/i.html?_nkw=PSA+10+Psychic+Energy+%23131+Gym+Heroes&_sop=15&LH_BIN=1&LH_PrefLoc=1&_ipg=60,,
6021615021,2024 SVP Black Star Promos Pikachu (World Championships) #190,CGC PRISTINE 10,120,102.00,https://www.ebay.com/sch/i.html?_nkw=CGC+PRISTINE+10+Pikachu+%28World+Championships%29+%23190+SVP+Black+Star+Promos&_sop=15&LH_BIN=1&LH_PrefLoc=1&_ipg=60,,
139036804,1999 Base Zapdos Holo #16,PSA 8,100,85.56,https://www.ebay.com/sch/i.html?_nkw=PSA+8+Zapdos+Holo+%2316+Base&_sop=15&LH_BIN=1&LH_PrefLoc=1&_ipg=60,,
6021612152,2024 Paldean Fates Ceruledge #040/091,CGC PRISTINE 10,70,59.99,https://www.ebay.com/sch/i.html?_nkw=CGC+PRISTINE+10+Ceruledge+%23040%2F091+Paldean+Fates&_sop=15&LH_BIN=1&LH_PrefLoc=1&_ipg=60,,
