cert,card,grade,cl_current_value,cl_investment,price_before,price_after,delta_dollars,delta_pct,is_new
152039165,2023 Pokemon Sword and Shield Crown Zenith Full Art / Deoxys Vmax #GG45 PSA 10,PSA 10,199.99,,NEW,235,,,yes
143516232,2025 Pokemon Wht En-White Flare Reshiram Ex Black White Rare #173 PSA 10,PSA 10,1350.00,1300.00,NEW,1460,,,yes
151607423,2025 Pokemon Blk En-Black Bolt Zekrom Ex Black White Rare #172 PSA 10,PSA 10,1900.00,1700.00,NEW,2050,,,yes
58568623,2021 Pokemon Sword & Shield Shining Fates #SV107 Full Art / Charizard Vmax,PSA 10,285.08,,NEW,325,,,yes
6021612152,2024 Pokemon Paldean Fates - PAF EN Ceruledge Pokémon Day Promo (Cosmos Holo) #040/091 CGC 10  PristineRISTINE,CGC 10  Pristine,59.99,,NEW,70,,,yes
6021615021,2024 Pokemon Black Star Promos - Scarlet & Violet SVP EN Pikachu World Championships #190 CGC 10  PristineRISTINE,CGC 10  Pristine,102.00,,NEW,120,,,yes
151936010,2026 Pokemon Asc En-Ascended Heroes Mega Dragonite Ex Special Illustration Rare #290 PSA 10,PSA 10,2475.00,2600.00,NEW,2675,,,yes
89932897,2023 Pokemon Mew En-151 #199 Charizard Ex Special Illustration Rare,PSA 10,1692.06,,NEW,1825,,,yes
84566703,1998 Pokemon Japanese Vending Moltres Series II #146 PSA 10,PSA 10,940.00,100.00,1555,1045,-510,-32.8%,
128159429,2025 Pokemon Simplified Chinese 151 C-Collection 151 Pikachu Art Rare #172 PSA 10,PSA 10,3280.00,2550.00,3185,3540,+355,+11.1%,
138441842,2000 Pokemon Japanese Neo 2 Umbreon-Holo #197 PSA 9,PSA 9,930.00,100.00,1220,1035,-185,-15.2%,
4321131035,2023 Pokemon Card 151 Japanese Blastoise ex Special Art Rare Holo #202/165 CGC 10 Pristine,CGC 10  Pristine,354.90,100.00,250,400,+150,+60.0%,
112214360,2023 Pokemon Obf En-Obsidian Flames Pidgeotto Illustration Rare #208 PSA 10,PSA 10,185.00,100.00,310,215,-95,-30.6%,
99211118,2021 Pokemon Sword & Shield: Fusion Strike Espeon VMAX Full Art Secret Rare #270 PSA 10,PSA 10,786.09,100.00,970,875,-95,-9.8%,
110420477,2021 Pokemon Sword & Shield: Evolving Skies Umbreon VMAX Full Art Secret Rare #215 PSA 9,PSA 9,2304.35,100.00,2580,2490,-90,-3.5%,
119392108,2024 Pokemon Scarlet & Violet: Surging Sparks Pikachu ex Special Illustration Rare #238 PSA 10,PSA 10,1252.01,100.00,1435,1350,-85,-5.9%,
95199161,2023 Pokemon Sword and Shield Crown Zenith Fa / Arceus Vstar Crown Zenith-Secret #GG70 PSA 10,PSA 10,420.00,100.00,555,470,-85,-15.3%,
106438552,2021 Pokemon Sword & Shield Evolving Skies Fa / Dragonite V Evolving Skies #192 PSA 10,PSA 10,1325.00,100.00,1510,1430,-80,-5.3%,
113090244,2019 Pokemon Japanese Sun & Moon Sky Legend Rowlet / Aln.exgtr.gx Sky Legend-Full Art #056 PSA 10,PSA 10,300.00,100.00,270,340,+70,+25.9%,
111350109,2020 Pokemon Japanese Sword & Shield Shiny Star V Fa / Charizard Vmax Shiny Star V #308 PSA 10,PSA 10,300.00,100.00,405,340,-65,-16.0%,
6136935033,2021 Pokemon Celebrations - Classic Coll. Umbreon ☆ POP Series 5 Holo #17/17 CGC 10 Pristine,CGC 10  Pristine,380.00,100.00,495,430,-65,-13.1%,
65570347,1999 Pokemon Game Venusaur-Holo #15 PSA 7,PSA 7,210.00,100.00,305,240,-65,-21.3%,
146746311,2025 Pokemon Meg En-Mega Evolution Mega Latias Ex Special Illustration Rare #181 PSA 10,PSA 10,300.00,100.00,400,340,-60,-15.0%,
60607369,2020 Pokemon Sword & Shield VIVID Voltage Rayquaza VIVID Voltage #138 PSA 10,PSA 10,204.38,100.00,295,235,-60,-20.3%,
108973922,2023 Pokemon Sword and Shield Crown Zenith Orgn.frm.palkia Vstar Crown Zenith-Fa-Secret #GG67 PSA 10,PSA 10,296.69,100.00,380,335,-45,-11.8%,
75183695,2023 Pokemon Sword and Shield Crown Zenith Orgn.frm.dialga Vstar Crown Zenith-Fa-Secret #GG68 PSA 10,PSA 10,345.00,100.00,435,390,-45,-10.3%,
95276041,2023 Pokemon Obf En-Obsidian Flames Charizard Ex Ultra Rare #215 PSA 10,PSA 10,190.00,100.00,265,220,-45,-17.0%,
131611480,2017 Pokemon Sun & Moon Shining Legends Mewtwo Gx Shining Legends-Secret #78 PSA 8,PSA 8,900.00,100.00,1040,1000,-40,-3.8%,
50358384,2000 Pokemon Japanese Neo 3 Celebi-Holo #251 PSA 9,PSA 9,210.00,90.00,280,240,-40,-14.3%,
6130902118,2025 Pokemon Black Star Promos Mega Charizard X ex Mega Charizard X ex UPC #023 CGC 10 Pristine,CGC 10  Pristine,300.00,100.00,380,340,-40,-10.5%,
102607615,2023 Pokemon SVP Black Star Promos Pikachu with Grey Felt Hat Full Art #085 PSA 10,PSA 10,3150.00,100.00,3365,3400,+35,+1.0%,
107496657,2021 Pokemon Japanese Sword & Shield Vmax Climax Fa / Rayquaza Vmax Vmax Climax #252 PSA 10,PSA 10,445.00,100.00,535,500,-35,-6.5%,
121116624,2023 Pokemon Sword and Shield Crown Zenith Fa / Deoxys Crown Zenith #GG12 PSA 10,PSA 10,329.99,100.00,340,375,+35,+10.3%,
94676138,2023 Pokemon SVP Black Star Promos Pikachu with Grey Felt Hat Full Art #085 PSA 10,PSA 10,3150.00,100.00,3365,3400,+35,+1.0%,
110772487,2022 Pokemon Sword & Shield: Brilliant Stars Charizard V Alternate Full Art #154 PSA 9,PSA 9,323.34,100.00,395,365,-30,-7.6%,
139206918,2025 Pokemon Meg En-Mega Evolution Mega Venusaur Ex Special Illustration Rare #177 PSA 10,PSA 10,299.99,100.00,370,340,-30,-8.1%,
98517579,2017 Pokemon Premium Trainer Xy Collection Promo Fa / Shaymin Ex Xy Collection Promo #77a PSA 8,PSA 8,490.00,100.00,575,550,-25,-4.3%,
113910492,2022 Pokemon Go Fa / Mewtwo V #072 PSA 10,PSA 10,358.00,100.00,425,405,-20,-4.7%,
3914522049,2000 Pokemon Neo Genesis Feraligatr Holo #5/111 CGC 8.5,CGC 8.5,150.00,100.00,155,175,+20,+12.9%,
99513425,2024 Pokemon Japanese Sv7a-Paradise Dragona Latias Ex Special Art Rare #087 PSA 10,PSA 10,228.00,100.00,240,260,+20,+8.3%,
139036804,1999 Pokemon Game Zapdos-Holo #16 PSA 8,PSA 8,85.56,100.00,115,100,-15,-13.0%,
72016903,2016 Pokemon Xy Evolutions Charizard-Rev.foil Evolutions #11 PSA 9,PSA 9,164.50,100.00,205,190,-15,-7.3%,
126435156,2025 Pokemon Svp En-Sv Black Star Promo Eevee Ex Pre Super-Premium Collection #174 PSA 10,PSA 10,484.45,100.00,535,545,+10,+1.9%,
146514325,2025 Pokemon Svp En-Sv Black Star Promo Eevee Ex Pre Super-Premium Collection #174 PSA 10,PSA 10,484.45,100.00,535,545,+10,+1.9%,
4322429002,2023 Pokemon Scarlet & Violet Promos Japanese Eevee YU NAGABA x Pokémon #062/SV-P CGC 10 Pristine,CGC 10  Pristine,252.00,100.00,275,285,+10,+3.6%,
114068076,2024 Pokemon Japanese Sv8-Super Electric Breaker Milotic Ex Special Art Rare #131 PSA 10,PSA 10,125.95,100.00,145,150,+5,+3.4%,
134321907,2019 Pokemon Sun & Moon Unified Minds M.sbleye / Tyranitar Gx Unified Minds-Fa #226 PSA 9,PSA 9,375.00,100.00,430,425,-5,-1.2%,
143540438,2025 Pokemon Pre En-Prismatic Evolutions Roaring Moon Ex Special Illustration Rare #162 PSA 10,PSA 10,840.00,100.00,940,935,-5,-0.5%,
147655076,2020 Pokemon Sword & Shield VIVID Voltage Fa / Pikachu Vmax VIVID Voltage-Secret #188 PSA 10,PSA 10,390.00,100.00,445,440,-5,-1.1%,
92889917,2023 Pokemon Japanese Sv1a-Triplet Beat Magikarp Art Rare #080 PSA 10,PSA 10,340.00,100.00,390,385,-5,-1.3%,
115079776,2024 Pokemon Paf En-Paldean Fates Gardevoir Ex Special Illustration Rare #233 PSA 10,PSA 10,435.00,100.00,490,490,+0,+0.0%,
